track_uri,album_name,album_uri,artist_name,artist_uri,duration_ms,pos,track_name,inside_playlists,deezer_id,preview_url,audio_filepath
spotify:track:4pLwZjInHj3SimIyN9SnOz,Dangerous Woman,spotify:album:4lVR2fg3DAUQpGVJ6DciHW,Ariana Grande,spotify:artist:66CXWjxzNUsdJxJ2JdwvnR,226160,0,Side To Side,[584466 290613 339107 ... 932309 757216 867665],124995668,"https://cdnt-preview.dzcdn.net/api/1/1/7/e/8/0/7e8c23116649d041bac2f15f39bd7424.mp3?hdnea=exp=1740663156~acl=/api/1/1/7/e/8/0/7e8c23116649d041bac2f15f39bd7424.mp3*~data=user_id=0,application_id=42~hmac=d504114b321ed0b11c7d7eed013f159895c3056be7aa45e8b09355631ef63c0b",previews/Side To Side.mp3
spotify:track:37f4ITSlgPX81ad2EvmVQr,Wildfire,spotify:album:0mFDIOqypzHp6Xd0el1hoT,Rachel Platten,spotify:artist:3QLIkT4rD2FMusaqmkepbq,204013,1,Fight Song,[584466 290613 540271 ... 535890 217688  26462],116705198,"https://cdnt-preview.dzcdn.net/api/1/1/d/5/d/0/d5d477fb73ed844b2235415f521f15d3.mp3?hdnea=exp=1740663158~acl=/api/1/1/d/5/d/0/d5d477fb73ed844b2235415f521f15d3.mp3*~data=user_id=0,application_id=42~hmac=660818bcf8856823a6e80284a92f0582ebe80fa0ea1f8609105f8397fbab4663",previews/Fight Song.mp3
spotify:track:6i0V12jOa3mr6uu4WYhUBr,Heathens,spotify:album:3J8W9AOjQhnBLCX33m3atT,Twenty One Pilots,spotify:artist:3YQKmKGau1PzlVlkL1iodx,195920,2,Heathens,[584466 290613 339107 ... 349806 168239 932309],126884459,"https://cdnt-preview.dzcdn.net/api/1/1/8/6/8/0/8684b6d370f8e19eed27de357c3c4e89.mp3?hdnea=exp=1740663159~acl=/api/1/1/8/6/8/0/8684b6d370f8e19eed27de357c3c4e89.mp3*~data=user_id=0,application_id=42~hmac=17dbe3a9caff7c71151dfcab3c1774bb3cef1cd419b4ded4a75ed07be7818545",previews/Heathens.mp3
spotify:track:2DpCdPMg1BADE4HDnxt3Rd,"Sit Still, Look Pretty",spotify:album:2cE2eOy7alOZHpuelJEV8Q,Daya,spotify:artist:6Dd3NScHWwnW6obMFbl1BH,202226,3,"Sit Still, Look Pretty",[584466 414677 809633 ...   6555 349244 395752],2825286042,"https://cdnt-preview.dzcdn.net/api/1/1/5/e/9/0/5e9ecbda214e4ef09adcb97515bc82be.mp3?hdnea=exp=1740663161~acl=/api/1/1/5/e/9/0/5e9ecbda214e4ef09adcb97515bc82be.mp3*~data=user_id=0,application_id=42~hmac=7b04f797a6262cb2ad5c51f353979da24a4c7eb91c1ece7c879c49bb0e384f22","previews/Sit Still, Look Pretty.mp3"
spotify:track:6Knv6wdA0luoMUuuoYi2i1,MY HOUSE,spotify:album:5lkNnHVlnCCCV304t89wOH,Flo Rida,spotify:artist:0jnsk9HBra6NMjO2oANoPY,192190,4,My House,[584466 290613 968716 ... 257996 349976   6463],97786984,"https://cdnt-preview.dzcdn.net/api/1/1/9/0/2/0/902ed8780b0ca741ffaea889fd1e5c4f.mp3?hdnea=exp=1740663162~acl=/api/1/1/9/0/2/0/902ed8780b0ca741ffaea889fd1e5c4f.mp3*~data=user_id=0,application_id=42~hmac=03f68b22b4f966e3d7f563bc61bffe70f0895678407285840745ea4dbca0b151",previews/My House.mp3
spotify:track:30lgD1UuHczwlxa7NZFeSQ,Mountains Beaches Cities,spotify:album:1nInmRb5yL0VbKQ4XNJbl2,Moon Taxi,spotify:artist:5DK8eK7fjvRsziXzyr3sFA,208080,6,Morocco,"[584466 396717 740634 646153 994926 819229  33413 136022 819886 655245
 118612 317568 964045 852276 565227 845317 277722 912608 950601 646201
   8446 985454 122101 684087 512041 763727 221471 788931 928068 410989
 168656 194062 625994  83827 866655 484746 810537 181694 295813 965181
 999604 972240 317686 737151 322959 499263 442625 413285 793264 226489
 706982 335490 773027 773952 562464 106286 179893 572435 106845 253513
    722 233453 709777 605542 516296 177634 219712 925626 486352 396528
 487806 930258 895628 888720 624493 787703 810865 615257 114641 357610
 483403 862352 848428 357068 271808 991887 367490 990335 822643 895454
 577780 399052  35764  19414  60072 838010 804220 516621 759943 929588
 767022 929342 207599  82599 760508 349007 450082 490899 578693 395442
 932281 811870 276597 467752 870859 656938 503519 314467 310252 291578
 125006 371629 332518 453477 690311 493118 883920 777068 269931 354891
   6444  13305 164128 116125 858465 887274 753802 974612 282452 650848
  77338 449559 774749 198422 977612 140081 917093 486737 432501 823074
 458986 286753 603504 180411 291893 433874 255506 956636 667494 785444
 618869  73130  74440 683342 368304 483066 789448 407800 730443 570036
 812800 260361 422299 604348  46103 419324 779771 681650 674007 392489
 661351 884947 568965 352872 792982 532137 528657 795494 897792  89338
 811214 815676 802939 745086 323721  77424 224925  29302 686975 730603
 285401 473499 148150 305750 803159 544273 349778 643098 420126 141465
 832144   3509 273965 407315   5610 757578 217008 832474 100066 750392
 473562 536298 667632 582612 332703  80457 931145 576982 895569 704232
 803655 119751 682420 967137 348670 394830 522464 514946 241650 176428
 582300 373594 380370 364318 630996 849016 399587  13114  13114 409227
 760747 712603   4301 138160 652662 325687 808882 733843 388411 733463
 166920 638313 581516 757584 485957 102523 242746 365539 751321 317233
 272666    630 603818 439181 865856 823866 763093  29894 850890 368741
 438598 810624 810469 856604 805263 794339 685585 252649 645475 645822
  97089 356064 499718 744544 702318 969104 394861 595133 487521 410404
 110995 942050 864552 315645 829100 459241 585341  84877 866281  24875
 903577 339770 261003 261132 874691 684671 467845 378169 822578  45290
 443047 912961 623475 912404 208741 168162 429682 750637 475909 839921
 660200 373497 141416 529188 798739 953323 314450  68373 176539 245954
 551023 816672 739640  16556 892734 674706 573149 958589 751973 801524
 128249  40472 708724 354251 242278 742183 824224 709977 572269 158857
 979514 144475 556687 778423 319100 931161 688101 282553 732910 970009
 146865 496602  16821 294312 800355 948091 475524 900656 840519 874533
 244437 869164 727337 670981 223767 743602 824878 119676 161661 161392
 198445 120290 436820 993670 833713 991495   8209 764946 742871 249906
 249659 973522 795479 473935 902576 901196  81322 253875 671101 985875
 793771 706247  16761 393157 205915 699360 521449 521662 592537   7729
 966787 477234 758394 855456 790740 540040 877962  96236 300141 515844
 803865 586145 871056  89069 566877 586595  78654 611393 253868 143215
 384067   5412 306687  98010 484776 484576 321919 622533 651587 919319
 585963   8177 361630 367692 322064 497893 704386 366776   9276   7798
 532887  27839 780904 828374 290135 942492 155707 172085 770605 122039
 516018 853784 324656 970741 760611 929424 888421 902432 170120 924204
 892238  48862 390727 544043 969796 732116 822397 856791 414360  26886
 691394 422083 449672 813623 483867 467538 995598 399313  98540 178221
 109958 615002 964936 832421 932468 968588 282374 735227 290001 603942
 626652 696972 722917 857266 417851   5470 530863 768876 895093  66998
  79632 439019 638232 721672  47408 750322 194561 695649 275745 266825
 782959 775283 728044 947623 271782 836405 615879 621196 272463 734644
 621387 278841 607554 814213 690300 469145 700824 428264 467026 228296
 756548 644210  21012 234929 512366 747554 354818 223989 671333 718786
 739105 957757 706627  97510 194337 612511 350329 166650 494206 520300
 165685 845282 568319 979364  31954 574769 986586 568829 325563 493891
 532578 413957 759343 303432 380861 747553 459590 820838 757710 977389
 193042 935651 411659 494027 460117 882082 366056 171303 157673 314418
 723150 826136 981079 986666 648329 637424 445032 603261 244879  81724
 536861 145055 431808 830487 224269 379235 516055 404872  46393 861415
  20829 517783 490134 572144 431297 968347 167795 820981 529926 810177
 700087 808964 951142 554839 934152 306324 832407 608778 978816 831589
 185336 614465 717861 496597 961315 303622 318294 458074 677340 612904
 532190 495715 189573 655473 816771 197843 786607 118158 449296 712224
 803169 506357 382184 279440 700380 819300 838167 986836 452872 463287
 516870 586654 670598 383464 398479 998874 972056 537667  93221 991049
 470816 150355 344770 614503  65004 509269 444588 675521 316925 693298
 831410 104147 753826 285922 909484 216720 962206 164827  98237 103909
 605351 721174 712184 658907 676525 126237 775439 935793 594474 883423
 734599 724609 630245 836346 720743  31118 189782 307837 479798 714089
 795853  33879 772740 412794 981224 513355 155332 741898 953137  55896
 587071 235334 441222 342261 757500 913739 725777 860695 735257 654638
 834477 163304 179125 907909 241320  97319 626233 356557 574055 869962
  47919 729361 377649 237548 349238 555510 103159 903549 770348 146180
 128832 686888 979445 369308 285540 881119 719345 240899  43346 417965
 240143 990866 873275 787376 352320 789783 244275 178246 788635  74146
 668438 657068   1560 686152 180609 605384 909325  29183 933954 381059
  19628 880499 546221 437605  77762 696879 680570 372833 354566  82885
 937511  61650 761364 941273 402362 876338 812582 510742 366298 450524
 665594 665958 947277 756539 451507 621756 608254 949277 763592 302143
 515920 722857 184640 280952 738137 149011  37031 955309 892773 169005
 129931 568989 607630 965526  35129 551506 272819 476787 591584 897810
 302217 327749 149730 944244 132803 838578 681329 562420 137389  62415
 580053 265708 160812 913107 653170 776592  97072 422674  33440  16218
   9975  12694 622541  45168  57183 542364 999319 182724  65922 866519
 864012 103574 281803 941424  36276  22928 943946 279078  85075 328299
 776673  26581 901275 114705 523254 697882 170251 513793 929808 775069
 120138 250551 955444 312715 497075 921443 703867 104967 815768 915157
 992565 238414 732323 954283 445361 738585 235369 901260 580439 689087
 182187 453090 485686 647500 121033 319733 412142 688295 411245  51535
 764782]",510804802,"https://cdnt-preview.dzcdn.net/api/1/1/b/f/5/0/bf55bab3819ec9b2a29f1132f1de8262.mp3?hdnea=exp=1740663164~acl=/api/1/1/b/f/5/0/bf55bab3819ec9b2a29f1132f1de8262.mp3*~data=user_id=0,application_id=42~hmac=c58db44ce89235f8be8cff6a68b312f15b431be4c190bb4d1850b37d780c0868",previews/Morocco.mp3
spotify:track:4EAoAeIwUUvevkPLvhwTpx,Daybreaker,spotify:album:5hqGibvfAVIp9plqmnflCg,Moon Taxi,spotify:artist:5DK8eK7fjvRsziXzyr3sFA,213066,7,Make Your Mind Up,"[584466 740634 427675 646153  33413 981150  76612 564886 215288 786795
  22046 657650 396111 206604 484746 854518 295780 793264 335490 331728
 172054 827564 219712 163578 895628 367490 598551 399052 759924 804220
 831482 767022 349007 490899 276597 690526 116125 292319  77338 917093
 270347 286753 433874 667494 179738 353083 905757  27155  46103 674007
 661351 284101 352872 323721 929395 574342 899552 141465 162121 487848
 180293 669121 608833 514946 422789 117322 409227 481473 200418 865856
 850890 933776 400429  47316 744544 312610 659111 261003 496496   6102
 623475 409212 935086 816248  16556 547092 958589 927969 778746 572269
 158857 979514 931161 282553 642438 796337 900208 824878 161392 119161
 967714 901196 369247  16761 787822 966787 282814 253868 384067   8177
 433211 780904 687533 770605 972387 516018 853784 574683 760611 483156
 544043 781373 519296 109958  71902 628084 877064 335214 497805 722917
  84856  39198 138029  83432 255885 256509 506355 836405 975614 328983
 633474 758229 223758 429209  97510 494206 782596 681748 759343 747553
 411659 214853 228444 637628 637644 966560 429996 379235 379235 404872
  20829  16126 289526 235247 359920 379768 680688 404377  53311 251441
 743707 712224  46513 253632 374784 961809 216720 683278 724609 307837
 852114 513355 942235 342261 757500 589950 833382 564736 907909 499434
 626233 574055 239975 870039 369308  24667 242466 337971 833124 613508
 676541 372833 859198 698316 102626 947277 621756 444085 555198 164332
 132803 956662 265708 205949 752400 165828 941770 267352 443850 542364
 223451 753614 111711 901275 135863 276076 815768  71492 941106 990807
 976577 411245 349714 499737]",145608770,"https://cdnt-preview.dzcdn.net/api/1/1/2/2/3/0/2232de24774787f60c7f7c0a271f8e92.mp3?hdnea=exp=1740663166~acl=/api/1/1/2/2/3/0/2232de24774787f60c7f7c0a271f8e92.mp3*~data=user_id=0,application_id=42~hmac=7b8ad45933a2bd0c87301943fbba309648d706fbbf2542e7a7b83946adfc851e",previews/Make Your Mind Up.mp3
spotify:track:7p3eVrTbD7Bt7ICjZVbLcg,Inside Out,spotify:album:14M5XlaHfn40ytNcPqr7BO,Kat Deluna,spotify:artist:0bOlhT8OcoC1lCpN69NcFP,227533,8,Unstoppable,[584466 528892  32086 713819 742159 755236],7473934,"https://cdnt-preview.dzcdn.net/api/1/1/0/1/d/0/01d8a4a003b5f413d886c6be6b0594a4.mp3?hdnea=exp=1740663168~acl=/api/1/1/0/1/d/0/01d8a4a003b5f413d886c6be6b0594a4.mp3*~data=user_id=0,application_id=42~hmac=df0cae7a30087bc1f8f0847316b5503ecb93f5dbbab17cbf21df38b4aa709a96",previews/Unstoppable.mp3
spotify:track:7BKLCZ1jbUBVqRi2FVlTVw,Closer,spotify:album:0rSLgV8p5FzfnqlEk4GzxE,The Chainsmokers,spotify:artist:69GGBxA162lTqCwzJG5jLp,244960,9,Closer,[584466 290613 339107 ... 257996   8062 692830],129310248,"https://cdnt-preview.dzcdn.net/api/1/1/0/d/6/0/0d63bac2a2dcdf064fc9987bf363cb76.mp3?hdnea=exp=1740663171~acl=/api/1/1/0/d/6/0/0d63bac2a2dcdf064fc9987bf363cb76.mp3*~data=user_id=0,application_id=42~hmac=8bc6b7e28aeffceddb96330aff58dd29654ec5332be38163e30d68bfdc89ec2e",previews/Closer.mp3
spotify:track:7pxhKtuTwofDIdgHx2DcVK,Current Mood,spotify:album:23cuZhPWDfX1uKD4qwuv7t,Dustin Lynch,spotify:artist:1dID9zgn0OV0Y8ud7Mh2tS,194893,12,Seein' Red,[584466 666635 188017 ... 187385 764808 715218],398492102,"https://cdnt-preview.dzcdn.net/api/1/1/1/f/a/0/1faed71991d0e1829d1e2faa6282e624.mp3?hdnea=exp=1740663173~acl=/api/1/1/1/f/a/0/1faed71991d0e1829d1e2faa6282e624.mp3*~data=user_id=0,application_id=42~hmac=d9d8c472ae801e58b60536ab59773bfdd5703342e51851da58128a5d57deba78",previews/Seein' Red.mp3
spotify:track:2Z8WuEywRWYTKe1NybPQEW,Blurryface,spotify:album:3cQO7jp5S9qLBoIVtbkSM1,Twenty One Pilots,spotify:artist:3YQKmKGau1PzlVlkL1iodx,214506,14,Ride,[584466 339107  79669 ...  45173 158408 932484],99976954,"https://cdnt-preview.dzcdn.net/api/1/1/5/2/e/0/52e21c003066ce59e61cfc33e5256836.mp3?hdnea=exp=1740663174~acl=/api/1/1/5/2/e/0/52e21c003066ce59e61cfc33e5256836.mp3*~data=user_id=0,application_id=42~hmac=3d2006e55f90c8169f0880c58d8d4701fb857b6a20bf4b40313b1aaba96c7476",previews/Ride.mp3
spotify:track:1CnPYaKxTVb4LWOtiGOm0m,The Human Condition,spotify:album:2e8nzTZ0HtK94IifOWgN7o,Jon Bellion,spotify:artist:50JJSqHUf2RQ9xsHs0KMHg,217603,15,All Time Low,[584466 968716 148445 ... 715218 757216 158408],126368099,"https://cdnt-preview.dzcdn.net/api/1/1/5/7/7/0/577bd30478f766b8056b43835c01ca89.mp3?hdnea=exp=1740663176~acl=/api/1/1/5/7/7/0/577bd30478f766b8056b43835c01ca89.mp3*~data=user_id=0,application_id=42~hmac=2f5bfdfdd67d5c629155c70c127c8c2e4222f66d64456765d7f461dd1ac83817",previews/All Time Low.mp3
spotify:track:7ElF5zxOwYP4qVSWVvse3W,The Rokstarr Hits Collection,spotify:album:0eGvq1J5Ke7VlLLOYIlY4k,Taio Cruz,spotify:artist:6MF9fzBmfXghAz953czmBC,201546,16,Break Your Heart,[584466 371876 968716 ... 804895  45988 781856],7063921,"https://cdnt-preview.dzcdn.net/api/1/1/3/9/a/0/39a20df364bda81530beaa04e4e76aad.mp3?hdnea=exp=1740663177~acl=/api/1/1/3/9/a/0/39a20df364bda81530beaa04e4e76aad.mp3*~data=user_id=0,application_id=42~hmac=5c2300824b897c8565c2bd45c82020684476cf1b314279607d46f94c3560103b",previews/Break Your Heart.mp3
spotify:track:378iszndTZAR4dH8kwsLC6,This Is Acting,spotify:album:3Xz1Bcn4YP9bdqlsstMfuJ,Sia,spotify:artist:5WUlDfRSoLAfcVSX1WnrxN,224813,17,Cheap Thrills,[584466 377848  60386 ... 298483 159141 651362],118195184,"https://cdnt-preview.dzcdn.net/api/1/1/c/5/d/0/c5d797f05d5a161c2f9016c5e2f7472c.mp3?hdnea=exp=1740663178~acl=/api/1/1/c/5/d/0/c5d797f05d5a161c2f9016c5e2f7472c.mp3*~data=user_id=0,application_id=42~hmac=29c670073624a069916baf8f8cf59b3f1b9a70ee94764472408f44cb3075c7d8",previews/Cheap Thrills.mp3
spotify:track:7oQ09pJGn75oy9MIvkINWi,Ryan Follese,spotify:album:2XMnHhm9i5oLz59O7Pkuip,Ryan Follese,spotify:artist:6KdRXEnkaZ5m5a6XcvWGP7,204706,18,Put A Label On It,"[584466 785332 994629 138695 325968 829612 660122 299415 309361  54368
 536631  45309 937881 278305 802069 186801 222185 569989 572405 604394
 183107 543147 494461 658274 194728 108781 756954 430633 723996  44639
 446444 895220 472076 574905  13407 505254 909981  38107 745907   2550
 893122 179242  22686 753611 872383 523614 718760 744866 575946 544951
 896093 562317 135064 867930 114125 201165 915009 103594  35210 164853
 800338  54410 149627 667044 256568 797585 370736 138861 808366 141915
  33347  12704 325241 650788 650008  31423  86769 887625 130705 889400
 805445 401718 578057  55445 281363 100307 413603 789192 567702 393753
 386391 441836 451116 990845  83357 365331 476289 264363 838649 755376
 243806   9694 635285 576141 855587 909308 492321 538026 397939 691119
 831165 158520 261698 290328 297426 994072 402177 790446 736385 934119
 950357 591111 129367 843242 764482 988861 114606  87625  39669 764099
 593709 791461 147843 667452 735800 445103 554496 688412 648328 648286
 906254  21710 732387 174072 743623 838791 157550 862862 386156 794790
 945407 716462 196274  73575 222201 705638 474559  54569 911388 774451
 520216 789187 544193 643272 461465 414695 413764 531099 392361 438696
 937259 118950  77234 167831 837788 905975 164977 427618 664928 113044
 127899 525778 873896 382034 744254 375204 169722  25050  49033   9323
 929293 154986 875180 683910 289585 837070 884543 499977 736514 736540
  35993 432113 847053  62200  41402 396788 115053  59609 861169  58463
 586299 745736 105595 432235 654045 724366 648687  76671 181122  94411
 838795 190265 786771 432440 273298 193418 906065 118473 771073 298521
 926637 835712 278784 814739 681075  59590 246787 529448 200209 944475
 587819 762581 794375 516609 702874 702874 684851 785252 103730 554141
 702411 618725 796392 287078 571611 591520 193735 263703 152036 699407
 489174 432747  56521 426048 126948 675041 459973 809798 600481 345110
 952465 564461]",395889872,"https://cdnt-preview.dzcdn.net/api/1/1/6/9/3/0/693613dbe4fcf2ebfcab41fa9ef80a11.mp3?hdnea=exp=1740663180~acl=/api/1/1/6/9/3/0/693613dbe4fcf2ebfcab41fa9ef80a11.mp3*~data=user_id=0,application_id=42~hmac=66a1ee2a688118379c6e2dc675fe08a5f76ca3ba77acdee43c5eb8d04d2b3c17",previews/Put A Label On It.mp3
spotify:track:6MdqqkQ8sSC0WB4i8PyRuQ,Another Level,spotify:album:2zGZLQiFl9UubtrVmtIkbi,Blackstreet,spotify:artist:2P3cjUru4H3fhSXXNxE9kA,304600,19,No Diggity,[584466 968716 335134 ... 125823 811537  51384],1483899752,"https://cdnt-preview.dzcdn.net/api/1/1/5/4/2/0/542413320e113230d9e205d17bb8bcc1.mp3?hdnea=exp=1740663181~acl=/api/1/1/5/4/2/0/542413320e113230d9e205d17bb8bcc1.mp3*~data=user_id=0,application_id=42~hmac=b56652d397665792eeda2c661b25fa40256792c0d13563792289d54d7c2787ac",previews/No Diggity.mp3
spotify:track:4BHzQ9C00ceJxfG16AlNWb,25,spotify:album:0K4pIOOsfJ9lK8OjrZfXzd,Adele,spotify:artist:4dpARuHxo51G3z768sgnrY,223080,20,Send My Love (To Your New Lover),[584466 295176 854617 ... 202267 837244 867665],138545997,"https://cdnt-preview.dzcdn.net/api/1/1/6/f/d/0/6fde73b43e47761d51ecfde89d5b43bc.mp3?hdnea=exp=1740663182~acl=/api/1/1/6/f/d/0/6fde73b43e47761d51ecfde89d5b43bc.mp3*~data=user_id=0,application_id=42~hmac=60eee174ee5b42d1fe4c865acba56241118177c56adfb2fb8ff5d064ce1ba296",previews/Send My Love (To Your New Lover).mp3
spotify:track:0xmtSOofR05Lu0ggb5lZ7X,Daybreaker,spotify:album:5hqGibvfAVIp9plqmnflCg,Moon Taxi,spotify:artist:5DK8eK7fjvRsziXzyr3sFA,210906,21,Red Hot Lights,"[584466 287290 740634 222029 608449 630078 484746 779016 952293 578655
 723369 793264 253513    722  87503 177634 804220 516621 305209 929342
 291509 349007 450082 478785 467752 803224 900059 476745 690311 116125
 753802 972736 650848   7269 329622 956636 621329  27155 674007 884941
 661351 798529 121197 473562 931145 867908 514946 200746 797420 481473
 733843 759949 997504 865856 850890 252649 143851 622447 427847 744544
 400457 704156 999008 224957 397966 510134   6845 882593  32169 456654
 409212 958589 308524 354251 158857 931161 948091 814803 195961 824878
  44367 161392  78910 901196 231947 322635 144780 405737 966787 758394
 384067  98010 484776 820573 277479 525873   7798 780904 155707 770605
 731736 170120 911917 544043 781373 109958 500509 530863 768876 985799
  47408 275929 663094 177927 836405 278841 607554 426620 469145 481901
 949341 904004 637981 219966  97510 807901 118318 494206 845282 973521
 759343 411659 923566 214853 722226  36687 600668 379235  20829 517783
  16126 273467 934152 843082 420810 920983 463287 586654 519927 720106
 978587 372338 216720 181644 873920 580619 479798 648438 741898 798307
 360633 735257 499434 626233 239975 650451 369308 240899 830180 142025
 244275 178246  74146 140758 546221  38136 761364  41286 968409 665594
 102626 947277 621756 302217 944244 132803 137389 958067 265708 422674
 893048  23468 496635 328299 379521 928938 815768 732069 992912 901260
 394875 485686 976577 499737]",145608778,"https://cdnt-preview.dzcdn.net/api/1/1/7/2/3/0/723e437df68d40de4062cada0db71408.mp3?hdnea=exp=1740663183~acl=/api/1/1/7/2/3/0/723e437df68d40de4062cada0db71408.mp3*~data=user_id=0,application_id=42~hmac=1a647e8055088afbb488ba71d5837abae9fd53d7c429b58bdc96d9eea97417a2",previews/Red Hot Lights.mp3
spotify:track:5E5Nm2aqVgMJCJTLoNsHMK,Daybreaker,spotify:album:5hqGibvfAVIp9plqmnflCg,Moon Taxi,spotify:artist:5DK8eK7fjvRsziXzyr3sFA,214680,24,Domino,[584466 130087 831482 516621 901196  98010  97510 144143 976577],145608776,"https://cdnt-preview.dzcdn.net/api/1/1/c/9/8/0/c9804412db29ab37bf806f0f4d326463.mp3?hdnea=exp=1740663185~acl=/api/1/1/c/9/8/0/c9804412db29ab37bf806f0f4d326463.mp3*~data=user_id=0,application_id=42~hmac=7435f9c561133a59657d8dfaf5eac1d6a8728e4f57c8bddaf03019eb69f29cd2",previews/Domino.mp3
spotify:track:0kr6d8wHDQPlzuET33NVn6,The Spirit Room,spotify:album:1agL7TUoZXr0Xd4Irievqi,Michelle Branch,spotify:artist:5rScKX1Sh1U67meeUyTGwk,217680,27,All You Wanted,"[584466 485181 332194 116786 516796  40437 323763 909652 995451 377994
 916149 728810  26674 444801 747034 635252 519669 591391 850206 332805
 196724 520884 782725 236459 802817 736950 736950 892467 888696 473983
 353537 353537 890986  88853 974308 768626 240766 860436 963788 382612
 679293 197716 762745 200706  24488 355634 992361 578437  95620 989882
 964734  31109 247626 445500 936493 698178 984398 912362 263889 107752
 480488 298885 141180 562884 897904 404902 618304 474845 756611  22661
 281059 625586 777703 558503 956324 688286  21919 483413 944854 445263
 232825 993063 356805 731420 427018 832447 459771 578611 895684 189542
 876481 220698 115678 305637 359046 188180 939219 200041 199697 829583
 213621 937983 267342  27120  11586 905941 680588 877112 530710 962699
 370130 350915 987675 981306   2949 572601 876457  63563 826443 276216
  16860 522629 229232 773234 941687 536486 336816 521620 130232 579245
 222759 222759 336972  90368 487371 606760 453077 458870 874548 528873
 247981 381881 423851 286107 759176 639529 930790 856550 325661 936521
 734880 585431 884461 236902 396028 499358 309888 388288 482021 430070
 404907 411137 770389 638168 482211 185328 734524 500320 508197 623693
 903691   1701 179829   7450 233611 327047 949377  66834 785515 802292
 649068 613823 148081 943439 482471 925237 127366 710892 853902 805360
 555258 323778 907080 290896 419932 325490 434479 828207   9080 925135
 678281 516518 697560 848788 411287 292411 595994 518380 648459 904135
 101972 974149 263316 370869 728347 267890 973680 907644 606092 238391
 921259 976707 835907 639970 155803 418192 725286 539427 562175  66509
 131436 474731  92110 574313 957629 708481 663971 951254 547492  82355
 641746 155207  23728 574445 595522 614330 510883 207359 539164 633286
 207167 882401 435489 949378 341937 921512 404769 844347 998753 570348
  65005 245069 865146 445915  24696  23924 735021 243061 161160]",6639084,"https://cdnt-preview.dzcdn.net/api/1/1/e/4/8/0/e4837d7587c465c48bbebc7f65f24983.mp3?hdnea=exp=1740663187~acl=/api/1/1/e/4/8/0/e4837d7587c465c48bbebc7f65f24983.mp3*~data=user_id=0,application_id=42~hmac=907bc75bb4f28a103d6183db061700197e8d946c3ba70fa563fee2a950cf463d",previews/All You Wanted.mp3
spotify:track:1u0l8zWpQeMYStFkc2mLD7,The Spirit Room,spotify:album:1agL7TUoZXr0Xd4Irievqi,Michelle Branch,spotify:artist:5rScKX1Sh1U67meeUyTGwk,214826,28,Everywhere,"[584466 485181 576418 332194 116786 123219 727850 975798 193449 135817
  40437 323763 304986 286784 152519  75256 111211 939856 377994 572676
 328917 728810 838712  26674 444801 747034  40280 591391 788679 836021
 512041 332805 281588 750607 167259 782725 236459 736950 888696 287750
 693092 353537  76560 843228 890986 275704 974308 414905 240766 710874
 843681 221182 334901 973399  24488 355634 447242 920061 712276 578437
  95620 557514 989882 540300 736785 763324 964734 973868  31109  31109
 247626 533517 655122  93274 445500 935705 372150 118628  23135 233704
 173991  96401 205814 936493 984398 232686 377729 917550 475867 617930
 471879 240384 147663  48622 561656 298885 409718 825226 355934 141180
 898936 897904 634226 197313 680969 474845 756611 377067 179215 731640
 163078 281059 306861 625586 496633 124584 926218 313046 859901 777703
 291892 558503 902876 847988  21919 476509 944854 232825 356805 166318
 540750 427018 456303 546571 459771   5335 258858 504255 733480 895684
 206537 189542 876481 285506 220698 378677 305637 671684  94648 837674
 561791 771106 188180 939219 200041 199697 165151 942104 829583 134436
 568905 531387  34468 213621 286656 533590 580533 560850 937983 267342
  27120 241957  98502 905941 680588 626826 100483 874895 328874 746654
  72092 356393 739979 257786 977577 987675 981306   2949  13616 177437
 447569 876457 111079 497430 276216 862784 978689 522629 229232 773234
 941687 720315 940011 556423 122613 246018 521620 108579 998590 818471
 532965 579245 222759 642570  90368 487371  89482 453077 590007  81605
 282799 874548 550101 528873 674287 247981 506520 381881 286459 286107
 759176 639529 572413  56104 511401 475589 540399 872378 352492 936521
 502319 350157 426312 358591 837068  61788 770967 603798  21312 884461
 207941 697854 146313 756151  29075 562836 793896 287381 396028 253962
 894422 438232 388288  31541 482021 994776 773798 404907 250860 770389
 638168 832419 482211 185328 568316 637207 508197 623693 373427 903691
 465471   1701  15726 734869 198219   7450 233611 508007 949377 812638
 805916 623571 191632 126976 802292 580036 244879 436886 943439 482471
 925237 127366 337055 313723 853902 573316 805360 123134 555258 972791
 231574 871917 503185 931935 500142 323778 243155  40222 314461 216768
 169758 471712 783734 846554 440742 419932 962449  12605 828207 983049
 489946 597694 788025 809998  59918   9080 557717 472938  81872 985642
 442023 344731 678281 678281 345130 506832 848788 165248 553586 986031
 292411 711669 595994 648459 808810 101972 203785 611844 888326 263316
 370869 728347 267890 987253 973680 475146  72305  33541 939971 261481
 110314 921259 815417 803093 715923 749926  91978 526512 811333 391124
 578337 976707 849833 365260 814147 738543 334258 955438 418192 943304
  54240 502313 933627 738592 539427 849881 849881  66509 131436 982284
 532083 474731  92110 189676 619530 822646 807000 957629 708481 663971
  21539  84469 296705 615843 349210 940364 547492 832119 918718 295526
 921614 641746  23728 110300 110193 614330 510883 429024 265074 468545
 649884 900105 317775 207359  87191 633286 244762 989924 170262 170262
 171602 721180 921512 874588 126538 844347 998753 596551  65005  61273
 915089 245069 335874 106584 865146 445915  23924 735021  52461 159620
 243061 161160 161160]",6639082,"https://cdnt-preview.dzcdn.net/api/1/1/9/f/0/0/9f05c88d9f717ec78ffcacb75f4d6b85.mp3?hdnea=exp=1740663188~acl=/api/1/1/9/f/0/0/9f05c88d9f717ec78ffcacb75f4d6b85.mp3*~data=user_id=0,application_id=42~hmac=c46096461865499a6a568aec59902304188b83aaaf40bda7a35305d2f0c0fe44",previews/Everywhere.mp3
spotify:track:2JpUkUR0OsOlUUfm6iS8ic,Release Therapy,spotify:album:77u9Ndnhi4raBZfnl22Jzg,Ludacris,spotify:artist:3ipn9JLAPI5GUEo4y4jcoi,230613,29,Money Maker,"[584466 661443 695600 456350  95462 489426 362061  12652 778130  69009
 802507 955591 707673  37655 644472 842442 905462 369235 960111 572136
 362570 289141 289287 775455 519239 753366 155298 964599 763679 802758
 393388 855463  15597 415780 792112 438538  24973 928730 933456 606595
 676034 361791  65404 810452 641161 802674 783563 572728 453975 925962
 187053 930730 277550 476702 261712 799946 151825  32303 679293 201975
 993844 238914 259868 993017 698757 762644 325084 409952 177711 219712
 736597 173031 893090 931562  91245 662240 240751 791338 147438 631404
 439292  67769 924269 857743 935782 328428 827837 683579 423245 632876
 544596 864489 815089   9558 418683 437111 509974 612353 373903 146079
 624475 173701 661224 483887 171614 623979  17584 308713 362710  49317
 974881 287116 846350 178421 365447 982776 871353 512564  10200 320130
 329835 108720   7870 857000 276563 138360  89534 339206  97275 820000
 607987 278881 127099 465130 812248 656354 957918 658940 252453 821235
 911948 600147 784531 235129 112388 188249 557434 672356 139552 577007
 529891 372670 179745 593559 391195 857392 981471 108150 886291 458947
 414436 156793 989284 281828 521916 336942 944058 519283 943582 353278
 196172 848631 359802 701062 322093 283795 124875 333799 776959 946905
 908636 476733 502937 367895 349911 407764 448100 360033 938338 387448
 981941  42503 550270 761383 114527 141670 506057 865918 439905 705310
  49085 768214 933934 856802 130508 782680 232553 283000 283000 111985
 533223 664161 664383 460976 171490 912794 262415 347865 628575 118640
  65430 647716 747288 258182  16475  41070 583643 583643 377830  74489
 509118 584868 624153 713525 278464 113821 870101 597665 989755 232887
  30330 504362 351097 419262 148391 227914 681711 209113  13567 178311
 153348 253326 589439 591210 772256 477941 101153 390483 679562 117506
  78679 584549 295962 486196 528261 991292 856954 289597 695432 123532
 945779  62735 609180 287165 592103 902122 984063 788221 497299 447681
 462495 350173 968318 708677 333607 654179 218135 695539 368918 801061
 246712 232719 391180 179593 782485 646495 965582 158030 131038 926260
 829296 419320 311214  49312 976705 668290 240596 791831 631564 864967
 671724 876423 749145 424438 270096 315801 872829 629536 649173 998498
 220077 597162 801147 457294  74831 696575 950611 557611 530075 662048
 266414 770260   8757   8905 583900 170867 789958 398256  35787 175224
 966755 245000 270810 568129 672098 529943 474360 900562 883273 822769
 583388 438546 179774 774195 186743 569534 871609 551240  93328 583398
 879003 131507 806056 734077 221500 685954 412684 113308 430550 451468
 576840  17887 446851  45384 287130 920561 893580 927467 622309 479764
 105480 997335 902567 657912 824504 379173 402896 932813 624406 418314
 871456 726326 906334 576893 532516 373047 568118 340742 517809 833978
 151848 107199 986067 873949 508893 197525 434708 827493 434325 496809
 475149 459535 384380 168470 227450 411179 630688 522208 945754 234708
 347618 924915 773289 668554 722161  87470  65265 465848 750969 449983
 128434 508520 780223 767987 686995 472450 821934 608672 894094 586828
 405422 464926 487413  74966 898436 860062 313283 585786 456340 977876
 314771 185880 581527 370653 559862 394244 662675 823683 332868 242033
  87363 986689 775996 353225 898370 211447 211447 824236 136227 310985
 940356 307216 568856 543124 826872 484996 945979  69644 689371 175327
 117768  32987 184502 668734 203785 430479 507792 220007 881087  92604
 991981 650135 789896 873652 750049 296299  99587 273486 753529 813362
 781750 184668 295753 579241 692301 985872 365260  20934 127769 262217
 626023 488267 934367 814147 369605 439164 819748 566374 713242 248597
 178997 488397 675046 655039 260740 788116 299648 581076 640906 782096
 267782 286522 279814 171190 623308 708979 708481  83125 666438 301948
 313223 550060 986102 265466 547021 698068 518680 712346 179103 312736
 259903 321867 465109 392045  79131 196055 956268 952333 346378 974805
 216853 267546 927186 967299 314102 866432 284743 263630 674427  80113
 465104 390340 746529 848946  35479 250932 251258  20213 425028 328572
 280242 575846 462922 934272 195573 704730 477447 419569  65302  61174
 413173 145538  79402 825738 763415 527287 527287 524558 565557  77663]",1575902,"https://cdnt-preview.dzcdn.net/api/1/1/a/4/8/0/a48a14b03c564bc8ad4e7c2e2c888453.mp3?hdnea=exp=1740663189~acl=/api/1/1/a/4/8/0/a48a14b03c564bc8ad4e7c2e2c888453.mp3*~data=user_id=0,application_id=42~hmac=88408f58be50decb2e230b0d15c66b13bb2d7ec0a6473944eaa024c3aebc305d",previews/Money Maker.mp3
spotify:track:7qiZfU4dY1lWllzX7mPBI3,รท,spotify:album:3T4tUhGYeRNVUGevb0wThu,Ed Sheeran,spotify:artist:6eUKZXaKkcviH0Ku9w2n3V,233712,30,Shape of You,[584466 287290 290613 ... 797377 237080 158408],142986204,"https://cdnt-preview.dzcdn.net/api/1/1/f/1/b/0/f1becf66c6264a6a0306fc47d47690b0.mp3?hdnea=exp=1740663190~acl=/api/1/1/f/1/b/0/f1becf66c6264a6a0306fc47d47690b0.mp3*~data=user_id=0,application_id=42~hmac=490a896df001eb026c5a0779ec2a28344fcc6e7b0e7f3252e6e3571eb3afa9c2",previews/Shape of You.mp3
spotify:track:7mldq42yDuxiUNn08nvzHO,Body Like A Back Road,spotify:album:2N7kidh1wA9EoLdf16QWrz,Sam Hunt,spotify:artist:2kucQ9jQwuD8jWdtR9Ef38,165386,31,Body Like A Back Road,[584466  48473 148445 ... 398219 715218   8062],141160791,"https://cdnt-preview.dzcdn.net/api/1/1/7/6/9/0/76965e803ffee7a210d73c7ff94fa0ff.mp3?hdnea=exp=1740663191~acl=/api/1/1/7/6/9/0/76965e803ffee7a210d73c7ff94fa0ff.mp3*~data=user_id=0,application_id=42~hmac=59cbfa969c5c02e9683149422e2339a1987b1c8975db9fd99eaefd4760e07dbf",previews/Body Like A Back Road.mp3
spotify:track:5BbYPT6ehZf0hSv2su6JAl,Montevallo,spotify:album:1M0vpI6KG4y0RwRuQ8SQxT,Sam Hunt,spotify:artist:2kucQ9jQwuD8jWdtR9Ef38,225693,32,Make You Miss Me,[584466 232772 657714 ... 612012 867856 715218],615922822,"https://cdnt-preview.dzcdn.net/api/1/1/a/b/d/0/abd5a86e9f855e4a21fabf46c6297cc2.mp3?hdnea=exp=1740663193~acl=/api/1/1/a/b/d/0/abd5a86e9f855e4a21fabf46c6297cc2.mp3*~data=user_id=0,application_id=42~hmac=8b4bc365c44439d8427a4cf12181d45a1c032eab0191c2f5eb0386f6792269e7",previews/Make You Miss Me.mp3
spotify:track:2N3F1EQCpnIeDOA3rLSAfE,Montevallo,spotify:album:1M0vpI6KG4y0RwRuQ8SQxT,Sam Hunt,spotify:artist:2kucQ9jQwuD8jWdtR9Ef38,229880,33,Break Up In A Small Town,[584466 124438 335195 ... 463831 612012 267465],615922792,"https://cdnt-preview.dzcdn.net/api/1/1/1/5/f/0/15f80b290bc01e07a66ba1798d6651fc.mp3?hdnea=exp=1740663194~acl=/api/1/1/1/5/f/0/15f80b290bc01e07a66ba1798d6651fc.mp3*~data=user_id=0,application_id=42~hmac=ae2107d31aeb8a7b4d87a9a90e0278d49f9ad508ca5160629afb0357274a2702",previews/Break Up In A Small Town.mp3
spotify:track:7vWGeYZJUzBXKGPro05UXS,Montevallo,spotify:album:1M0vpI6KG4y0RwRuQ8SQxT,Sam Hunt,spotify:artist:2kucQ9jQwuD8jWdtR9Ef38,243706,34,Take Your Time,[584466 666635 124438 ... 804984 612394 612012],87936873,"https://cdnt-preview.dzcdn.net/api/1/1/a/4/c/0/a4c3628d3640c6dd8ad57110bfe82a10.mp3?hdnea=exp=1740663195~acl=/api/1/1/a/4/c/0/a4c3628d3640c6dd8ad57110bfe82a10.mp3*~data=user_id=0,application_id=42~hmac=9ae0abef7b51bdd353443a0530d5c40c23a69956d2402be97d89d0b8192ef5ea",previews/Take Your Time.mp3
spotify:track:1rVebRMIwmcKeKcEPc29Rw,Where It's At,spotify:album:4ZSQEnZOGWEW3XQOAzt477,Dustin Lynch,spotify:artist:1dID9zgn0OV0Y8ud7Mh2tS,177040,35,All Night,"[584466 361388 197404 778569 185364 779360 558604 933310 165811 569989
 517822 831726 575109 398727 596920 829950 467792 126509 583515 470952
 819415 879429  98449 673953  72196 613801 361216 896093 577028 878576
 173561 740129 409994 760911 695364 632770 513342 799380 129911  59513
 678340 826213 827070 377133 363336 541099 771505  44037  91605  60712
  60264 946442 575264  69522 835811 698591 610755 667452 872685 994624
 951875 484272 507166 945835 118284 568616  30884 782979 784617 752485
 266472 745986 777501  16458  94506 549112 163912 808358 225117 461598
 253714 926822 475411 136603  99973 108734  35993 222823  35736 709356
 817963  59609 456847 760367 449995 789221 842906 658849 672174 636812
 578172 388623 954152 335495 152036 823643 891734  11623 865359]",394753292,"https://cdnt-preview.dzcdn.net/api/1/1/c/0/8/0/c08302cddfb55487a309348f2ce229c0.mp3?hdnea=exp=1740663196~acl=/api/1/1/c/0/8/0/c08302cddfb55487a309348f2ce229c0.mp3*~data=user_id=0,application_id=42~hmac=3b2688c618d3b509bbdf925b5353275f4c64a0f9d5e0456e0c436f37f8b694de",previews/All Night.mp3
spotify:track:6xHI9KjUjYT0FPtGO8Mxa1,This One's for You,spotify:album:1lhNch5NkOONvFhRPh8qaj,Luke Combs,spotify:artist:718COspgdWOnwOFpJHRZHS,222533,37,Hurricane,[584466 666635 703228 ... 418170  45448 158410],366449191,"https://cdnt-preview.dzcdn.net/api/1/1/b/c/9/0/bc9eea3849f8848e290f260f4814427e.mp3?hdnea=exp=1740663198~acl=/api/1/1/b/c/9/0/bc9eea3849f8848e290f260f4814427e.mp3*~data=user_id=0,application_id=42~hmac=42012eb6ce6f752a191f4e317cdc09c73326bb248359660267fc9f0bddb1a594",previews/Hurricane.mp3
spotify:track:6DRsEO5yuEGBF87qpyMB4d,Brett Eldredge,spotify:album:1NUKNYLtePSiZnQj0QeZlo,Brett Eldredge,spotify:artist:0qSX3s5pJnAlSsgsCne8Cz,217333,38,Somethin' I'm Good At,[584466 124438 521658 ... 604467 524654 612394],388729701,"https://cdnt-preview.dzcdn.net/api/1/1/f/f/d/0/ffd24962cba62dede109a5a3ebf11059.mp3?hdnea=exp=1740663199~acl=/api/1/1/f/f/d/0/ffd24962cba62dede109a5a3ebf11059.mp3*~data=user_id=0,application_id=42~hmac=e72867b8b39225073ca951aefde6813e6e726921bedb7c994110155f72eadcf4",previews/Somethin' I'm Good At.mp3
spotify:track:3cfOd4CMv2snFaKAnMdnvK,Astro Lounge,spotify:album:2kyTLcEZe6nc1s6ve0zW9P,Smash Mouth,spotify:artist:2iEvnFsWxR0Syqu2JNopAd,200373,40,All Star,[584466 485181 335134 ... 867675 158408  45750],2176951,"https://cdnt-preview.dzcdn.net/api/1/1/8/2/6/0/826ddc4a677e4ee26de2943be43c353e.mp3?hdnea=exp=1740663201~acl=/api/1/1/8/2/6/0/826ddc4a677e4ee26de2943be43c353e.mp3*~data=user_id=0,application_id=42~hmac=f53f75e4a815e2025c78d2970235a8d1fde23d0b7f05d72014cfd4bf1cacb654",previews/All Star.mp3
spotify:track:12qZHAeOyTf93YAWvGDTat,Enema Of The State,spotify:album:1fF8kYX49s5Ufv4XEY5sjW,blink-182,spotify:artist:6FBDaR13swtiWwGhX1WQsP,168000,42,All The Small Things,[584466 485181 892910 ... 932309 757216 257996],552496582,"https://cdnt-preview.dzcdn.net/api/1/1/1/4/7/0/1475414e3fd56174b8535099e0cb5489.mp3?hdnea=exp=1740663202~acl=/api/1/1/1/4/7/0/1475414e3fd56174b8535099e0cb5489.mp3*~data=user_id=0,application_id=42~hmac=1616de4e75cf7f05ad0bab8c08d4ce71ac23b32681126545bad7fd396ced72bb",previews/All The Small Things.mp3
spotify:track:0KKkJNfGyhkQ5aFogxQAPU,24K Magic,spotify:album:4PgleR09JVnm3zY1fW3XBA,Bruno Mars,spotify:artist:0du5cEVh5yTK9QJze8zA0C,206693,43,That's What I Like,[584466 290613 968716 ... 176627 237080 158408],136336116,"https://cdnt-preview.dzcdn.net/api/1/1/c/d/b/0/cdb4a00d4b510d1c521c7b1e86731f76.mp3?hdnea=exp=1740663204~acl=/api/1/1/c/d/b/0/cdb4a00d4b510d1c521c7b1e86731f76.mp3*~data=user_id=0,application_id=42~hmac=def95c3ddac7b2882087c18cab8b5ce830f100e8bdbcdf37f5b576e163cc3fa6",previews/That's What I Like.mp3
spotify:track:6PCUP3dWmTjcTtXY02oFdT,รท,spotify:album:3T4tUhGYeRNVUGevb0wThu,Ed Sheeran,spotify:artist:6eUKZXaKkcviH0Ku9w2n3V,261153,44,Castle on the Hill,[584466 339107  66871 ... 867856 466511 715218],142986200,"https://cdnt-preview.dzcdn.net/api/1/1/4/3/a/0/43ab0be487dec7dffc2f8c76371d81e5.mp3?hdnea=exp=1740663205~acl=/api/1/1/4/3/a/0/43ab0be487dec7dffc2f8c76371d81e5.mp3*~data=user_id=0,application_id=42~hmac=a68decf4b6282c74a32a3bfc063978d2ff3e94bfdafb52ecc14de59f5ee370c6",previews/Castle on the Hill.mp3
spotify:track:0OlS52TmtK2gPaEtdmr7DN,Happy Endings,spotify:album:66Y5XaoFSoa0A4P0u56s8V,Old Dominion,spotify:artist:6y8XlgIV8BLlIg1tT1R10i,176893,45,No Such Thing as a Broken Heart,[584466 124438 232772 ... 677060 715218 267465],395294312,"https://cdnt-preview.dzcdn.net/api/1/1/8/e/a/0/8ea5b10e41acd35db8b4182b404af580.mp3?hdnea=exp=1740663208~acl=/api/1/1/8/e/a/0/8ea5b10e41acd35db8b4182b404af580.mp3*~data=user_id=0,application_id=42~hmac=c5fc5bb076de45d07e45d192fce993e0cb507322ff1623d7dbeba5f2a85d9a8b",previews/No Such Thing as a Broken Heart.mp3
spotify:track:7I5fYc4qKJddht8Ozhqqdx,Meat and Candy,spotify:album:1G4WDlYjm0VqgyEymNJRcf,Old Dominion,spotify:artist:6y8XlgIV8BLlIg1tT1R10i,206506,46,Snapback,[584466 124438 232772 ... 424009 612394 715218],111778162,"https://cdnt-preview.dzcdn.net/api/1/1/6/0/9/0/60962f2b56dd43046820813fb522cd13.mp3?hdnea=exp=1740663211~acl=/api/1/1/6/0/9/0/60962f2b56dd43046820813fb522cd13.mp3*~data=user_id=0,application_id=42~hmac=360dd5692a7034bd9c75b32b594fc95f460d240af88d1957540f41c63e1030c2",previews/Snapback.mp3
spotify:track:5ZManJDV3CexO66nRCkdiV,Meat and Candy,spotify:album:1G4WDlYjm0VqgyEymNJRcf,Old Dominion,spotify:artist:6y8XlgIV8BLlIg1tT1R10i,207733,47,Break Up with Him,[584466 666635 124438 ... 804139 142431 267465],111778176,"https://cdnt-preview.dzcdn.net/api/1/1/b/d/d/0/bddf90291525702eba1e65e766d73302.mp3?hdnea=exp=1740663215~acl=/api/1/1/b/d/d/0/bddf90291525702eba1e65e766d73302.mp3*~data=user_id=0,application_id=42~hmac=98b7fc692139b14d5b8eb66753f351b5b039113d117e688b6dcc3ce1b6700653",previews/Break Up with Him.mp3
spotify:track:7px4t7HGiuMUvFkEOpZEwp,Meat and Candy,spotify:album:1G4WDlYjm0VqgyEymNJRcf,Old Dominion,spotify:artist:6y8XlgIV8BLlIg1tT1R10i,191826,48,Song for Another Time,[584466 666635 124438 ... 142431 811579 612394],111778178,"https://cdnt-preview.dzcdn.net/api/1/1/c/7/0/0/c7040623cc6e432f4a46371d7d325284.mp3?hdnea=exp=1740663218~acl=/api/1/1/c/7/0/0/c7040623cc6e432f4a46371d7d325284.mp3*~data=user_id=0,application_id=42~hmac=a488daaefe62e7ef362303afb876c36fa448aecedb6f6c634170d9194abc65b7",previews/Song for Another Time.mp3
spotify:track:5dTTvqEs42JMJv98b4SaoE,Meat and Candy,spotify:album:1G4WDlYjm0VqgyEymNJRcf,Old Dominion,spotify:artist:6y8XlgIV8BLlIg1tT1R10i,170800,49,Half Empty,"[584466 464312  61515 361388 994629 185344 775797 607386 830518  58310
 261873 569989  15957 119245 174090 957737 282251  55218  32375 662511
 753828 356278   8112 599230 356898 187433 819415 425850 698686 151423
 578535 146849 105787 155880 557146 400918 664622 773062 779159 843618
 116986 218916  48264 538230 771008 574521 786718 413417 654066 319291
 125271 645147 532672  67106 829143 141915  80202 685374  77356 785285
  11257 831244 877112 503443 826213 146514 651075  92801 147404 198211
 838649 755376 698429 377133 363336 506131 806349  44037  60036   5475
 511809 642747 569125 736385 736370 129367 129132  98175  71204 773933
 844228 147843 698591 215502 872685 666592 181665 551851 741336 152132
 510181 826114 112817 818889 809097  24387 394261  82935 263420 396941
 125241 242364 817935  67269 330871 668153 976022 324884 311784 253690
 788712 583156 378682 634577 398018 118707  70657 115350 238820 242163
 138560 675984 746312 926822 996656 756795 491402   3626 115980 104074
 979406 674859 736540 922281 767689 545958 827918 725366 917165  75881
 664664 669476 609894 683972 786109 420373 453584 373565 726660 159541
 769669 519073 717601 278784 683724 808617 514339 200342 708115 846405
 153966 777952 127480 802667 277340  60221 661247 229578 823643 510312
 900988 184701 475495]",111778164,"https://cdnt-preview.dzcdn.net/api/1/1/4/2/9/0/42930752c4a0b96e4f5ef53765b93706.mp3?hdnea=exp=1740663222~acl=/api/1/1/4/2/9/0/42930752c4a0b96e4f5ef53765b93706.mp3*~data=user_id=0,application_id=42~hmac=e5af42d1382fc13cc641c8e0f75b091171f977218980394706c6556eb8f6e57f",previews/Half Empty.mp3
